snp,chrom,pos,Fst_Value
497309,1,497309,0.8563713080168777
584896,1,584896,0.901837075524216
3380962,1,3380962,0.9247542448614834
11184342,1,11184342,0.9747465437788019
11236472,1,11236472,0.9081062785581316
11769236,1,11769236,0.894984063076665
12110870,1,12110870,0.8836744882675985
12114942,1,12114942,0.903199071771921
12400407,1,12400407,0.8768751217611533
14001880,1,14001880,0.8663489037178265
14024589,1,14024589,0.976063340084699
14098950,1,14098950,0.8922679387795667
14745438,1,14745438,0.9232474842230939
15141225,1,15141225,0.9845017120201838
15429595,1,15429595,0.8986584107327141
19298062,1,19298062,0.9259484682491378
19373701,1,19373701,0.9097208070103934
19374092,1,19374092,0.8919071873231466
20036486,1,20036486,0.9609845031905195
20230551,1,20230551,0.8866599799398194
