chrom,snp,cm,pos,a0,a1,i,Fst_Score,Gene_Region
1,1769690,0.0,1769690,A,G,1684,0.9053214705388619,Saltol_Candidate
1,3949518,0.0,3949518,T,G,3919,0.91623124894657,Saltol_Candidate
1,4520883,0.0,4520883,T,A,4406,0.9270256668344238,Saltol_Candidate
1,5043107,0.0,5043107,G,A,4944,0.9098502515443764,Saltol_Candidate
1,5458538,0.0,5458538,A,G,5279,0.914812898775651,Saltol_Candidate
1,8690043,0.0,8690043,A,G,7764,0.907058159737866,Saltol_Candidate
1,9721110,0.0,9721110,T,C,8367,0.9899066844410588,Saltol_Candidate
1,9748246,0.0,9748246,A,G,8390,0.989017231584927,Saltol_Candidate
1,10154686,0.0,10154686,G,C,8678,0.9089383897004903,Saltol_Candidate
1,11168427,0.0,11168427,T,A,9398,0.9093383228440212,Saltol_Candidate
1,11211376,0.0,11211376,T,C,9456,0.9083440454665699,Saltol_Candidate
1,11399431,0.0,11399431,T,C,9650,0.9549888755776142,Saltol_Candidate
1,12917605,0.0,12917605,T,G,11384,0.927038626609442,Saltol_Candidate
1,14069972,0.0,14069972,A,C,13063,0.9083474556180533,Saltol_Candidate
1,14481941,0.0,14481941,A,G,13629,0.9198710444382853,Saltol_Candidate
1,15024407,0.0,15024407,T,C,14607,0.9261035810688025,Saltol_Candidate
1,15026528,0.0,15026528,T,C,14613,0.9094624869027018,Saltol_Candidate
1,15166901,0.0,15166901,A,G,14747,0.9175465057818,Saltol_Candidate
1,16903046,0.0,16903046,C,T,16132,0.9118786719149531,Saltol_Candidate
1,20351257,0.0,20351257,C,G,19802,0.9041970042008939,Saltol_Candidate
